prediction,target
-0.004281426488887519,0.0642040457343886
-0.004281426488887519,0.0034937888198758
